Game_ID,Away,Home,Time_EST,Game_Number,Home_ML,Away_ML,Home_Win_Prob,Home_EV,Away_EV,Home_Kelly,Away_Kelly,Bet_Home,Bet_Away,Away_Win_Prob,As Of,Confirmed
ARI-CIN-20240509-1,ARI,CIN,1:10pm,1,-139,+125,0.6520671520132741,0.12118021101562965,-0.21715109202986682,0.16844049331172523,-0.17372087362389346,1.0,0.0,0.34793284798672586,5/9/2024 23:59:56,Y
SEA-MIN-20240509-1,SEA,MIN,1:10pm,1,-110,-102,0.5483652413589127,0.04687909713974231,-0.10558606622059208,0.05156700685371656,-0.10769778754500396,1.0,0.0,0.45163475864108726,5/9/2024 23:59:56,Y
SF-COL-20240509-1,SF,COL,3:10pm,1,+112,-124,0.46123496982017703,-0.017569514283023002,-0.02674704225580371,-0.015548242728338942,-0.03316633239719668,0.0,0.0,0.538765030179823,5/9/2024 23:59:56,Y
HOU-NYY-20240509-1,HOU,NYY,5:05pm,1,-143,+129,0.559754121135903,-0.04880943051731185,0.0081630625987823,-0.06979748563975595,0.006327955502932015,0.0,1.0,0.44024587886409705,5/9/2024 23:59:56,Y
CLE-CHW-20240509-1,CLE,CHW,7:40pm,1,+129,-144,0.419331282691859,-0.03553804980872444,-0.016089117894538763,-0.027336961391326492,-0.0231683297681359,0.0,0.0,0.5806687173081411,5/9/2024 23:59:56,Y
STL-MIL-20240509-1,STL,MIL,7:40pm,1,+122,-135,0.4139396042385244,-0.08105407859047575,0.0201792074366427,-0.06643776933645552,0.027241930039467645,0.0,1.0,0.5860603957614756,5/9/2024 23:59:56,Y
KC-LAA-20240509-1,KC,LAA,9:38pm,1,+103,-115,,,,,,,,,5/9/2024 23:59:56,Y
